Bin Number,Bin Center,Entries,Error,Lower End,Upper End
1,0.5,0,0,0,0
2,1.5,97,9.84886,87.1511,106.849
3,2.5,131,11.4455,119.554,142.446
4,3.5,38,6.16441,31.8356,44.1644
5,4.5,30,5.47723,24.5228,35.4772
6,5.5,11,3.31662,7.68338,14.3166
7,6.5,3,1.73205,1.26795,4.73205
8,7.5,4,2,2,6
9,8.5,0,0,0,0
10,9.5,0,0,0,0
11,10.5,2,1.41421,0.585786,3.41421
12,11.5,1,1,0,2
13,12.5,0,0,0,0
14,13.5,0,0,0,0
15,14.5,0,0,0,0
16,15.5,0,0,0,0
17,16.5,0,0,0,0
18,17.5,0,0,0,0
19,18.5,0,0,0,0
20,19.5,1,1,0,2
