Bin Number,Bin Center,Entries,Error,Lower End,Upper End
1,-0.99,0,0,0,0
2,-0.97,0,0,0,0
3,-0.95,0,0,0,0
4,-0.93,0,0,0,0
5,-0.91,0,0,0,0
6,-0.89,0,0,0,0
7,-0.87,0,0,0,0
8,-0.85,0,0,0,0
9,-0.83,0,0,0,0
10,-0.81,0,0,0,0
11,-0.79,0,0,0,0
12,-0.77,0,0,0,0
13,-0.75,0,0,0,0
14,-0.73,0,0,0,0
15,-0.71,0,0,0,0
16,-0.69,0,0,0,0
17,-0.67,0,0,0,0
18,-0.65,0,0,0,0
19,-0.63,0,0,0,0
20,-0.61,0,0,0,0
21,-0.59,0,0,0,0
22,-0.57,0,0,0,0
23,-0.55,0,0,0,0
24,-0.53,0,0,0,0
25,-0.51,0,0,0,0
26,-0.49,0,0,0,0
27,-0.47,0,0,0,0
28,-0.45,0,0,0,0
29,-0.43,0,0,0,0
30,-0.41,0,0,0,0
31,-0.39,0,0,0,0
32,-0.37,0,0,0,0
33,-0.35,0,0,0,0
34,-0.33,0,0,0,0
35,-0.31,0,0,0,0
36,-0.29,0,0,0,0
37,-0.27,0,0,0,0
38,-0.25,0,0,0,0
39,-0.23,0,0,0,0
40,-0.21,0,0,0,0
41,-0.19,0,0,0,0
42,-0.17,0,0,0,0
43,-0.15,0,0,0,0
44,-0.13,0,0,0,0
45,-0.11,0,0,0,0
46,-0.09,0,0,0,0
47,-0.07,0,0,0,0
48,-0.05,0,0,0,0
49,-0.03,0,0,0,0
50,-0.01,0,0,0,0
51,0.01,389,19.7231,369.277,408.723
52,0.03,1324,36.3868,1287.61,1360.39
53,0.05,1441,37.9605,1403.04,1478.96
54,0.07,800,28.2843,771.716,828.284
55,0.09,541,23.2594,517.741,564.259
56,0.11,375,19.3649,355.635,394.365
57,0.13,265,16.2788,248.721,281.279
58,0.15,184,13.5647,170.435,197.565
59,0.17,151,12.2882,138.712,163.288
60,0.19,124,11.1355,112.864,135.136
61,0.21,100,10,90,110
62,0.23,79,8.88819,70.1118,87.8882
63,0.25,73,8.544,64.456,81.544
64,0.27,57,7.54983,49.4502,64.5498
65,0.29,53,7.28011,45.7199,60.2801
66,0.31,59,7.68115,51.3189,66.6811
67,0.33,34,5.83095,28.169,39.831
68,0.35,28,5.2915,22.7085,33.2915
69,0.37,27,5.19615,21.8038,32.1962
70,0.39,15,3.87298,11.127,18.873
71,0.41,16,4,12,20
72,0.43,12,3.4641,8.5359,15.4641
73,0.45,10,3.16228,6.83772,13.1623
74,0.47,9,3,6,12
75,0.49,6,2.44949,3.55051,8.44949
76,0.51,5,2.23607,2.76393,7.23607
77,0.53,5,2.23607,2.76393,7.23607
78,0.55,11,3.31662,7.68338,14.3166
79,0.57,7,2.64575,4.35425,9.64575
80,0.59,5,2.23607,2.76393,7.23607
81,0.61,9,3,6,12
82,0.63,7,2.64575,4.35425,9.64575
83,0.65,3,1.73205,1.26795,4.73205
84,0.67,8,2.82843,5.17157,10.8284
85,0.69,7,2.64575,4.35425,9.64575
86,0.71,11,3.31662,7.68338,14.3166
87,0.73,3,1.73205,1.26795,4.73205
88,0.75,3,1.73205,1.26795,4.73205
89,0.77,8,2.82843,5.17157,10.8284
90,0.79,4,2,2,6
91,0.81,0,0,0,0
92,0.83,13,3.60555,9.39445,16.6056
93,0.85,0,0,0,0
94,0.87,3,1.73205,1.26795,4.73205
95,0.89,8,2.82843,5.17157,10.8284
96,0.91,4,2,2,6
97,0.93,3,1.73205,1.26795,4.73205
98,0.95,0,0,0,0
99,0.97,4,2,2,6
100,0.99,9,3,6,12
