Bin Number,Bin Center,Entries,Error,Lower End,Upper End
1,0.5,0,0,0,0
2,1.5,340,18.4391,321.561,358.439
3,2.5,306,17.4929,288.507,323.493
4,3.5,95,9.74679,85.2532,104.747
5,4.5,49,7,42,56
6,5.5,30,5.47723,24.5228,35.4772
7,6.5,11,3.31662,7.68338,14.3166
8,7.5,6,2.44949,3.55051,8.44949
9,8.5,0,0,0,0
10,9.5,1,1,0,2
11,10.5,2,1.41421,0.585786,3.41421
12,11.5,1,1,0,2
13,12.5,1,1,0,2
14,13.5,0,0,0,0
15,14.5,0,0,0,0
16,15.5,0,0,0,0
17,16.5,0,0,0,0
18,17.5,0,0,0,0
19,18.5,1,1,0,2
20,19.5,1,1,0,2
