Bin Number,Bin Center,Entries,Error,Lower End,Upper End
1,0.5,0,0,0,0
2,1.5,617,24.8395,592.161,641.839
3,2.5,105,10.247,94.753,115.247
4,3.5,24,4.89898,19.101,28.899
5,4.5,8,2.82843,5.17157,10.8284
6,5.5,2,1.41421,0.585786,3.41421
7,6.5,0,0,0,0
8,7.5,0,0,0,0
9,8.5,0,0,0,0
10,9.5,0,0,0,0
11,10.5,0,0,0,0
12,11.5,0,0,0,0
13,12.5,0,0,0,0
14,13.5,0,0,0,0
15,14.5,0,0,0,0
16,15.5,0,0,0,0
17,16.5,0,0,0,0
18,17.5,0,0,0,0
19,18.5,0,0,0,0
20,19.5,0,0,0,0
